Label,# Samples,Average,Min,Max,Std. Dev.,Error %,Throughput,Received KB/sec,Sent KB/sec,Avg. Bytes
1-100,14661,204,71,2332,124.23,0.000%,243.82172,39.74,29.27,166.9
TOTAL,14661,204,71,2332,124.23,0.000%,243.82172,39.74,29.27,166.9
