Label,# Samples,Average,Min,Max,Std. Dev.,Error %,Throughput,Received KB/sec,Sent KB/sec,Avg. Bytes
isPrime/2147483647,112,37943,1973,54696,14634.41,0.000%,1.04896,0.18,0.14,172.0
TOTAL,112,37943,1973,54696,14634.41,0.000%,1.04896,0.18,0.14,172.0
